period_end,quarter,real_wages,unemployment_u3,cpi,cpi_5yr_avg,cpi_30yr_avg,cpi-cpi5yr,cpi-cpi30yr,mortgage_30yr,mortgage_5yr_avg,mortgage_30yr_avg,Morgage-mortgage5yr,Mortgage-mortgage30yr,consumer_sentiment
1980-03-31,1980Q1,69.736,6.3,79.0333,61.84,37.1568,17.1933,41.8765,13.68,9.5199,8.8995,4.1601,4.7805,63.4667
1980-06-30,1980Q2,69.905,7.3333,81.7,63.1633,37.6188,18.5367,44.0812,14.4192,9.7455,9.0323,4.6737,5.3869,54.3667
1980-09-30,1980Q3,69.984,7.6667,83.2333,64.5883,38.1016,18.645,45.1317,12.6431,10.0227,9.1779,2.6204,3.4652,67.7667
1980-12-31,1980Q4,70.191,7.4,85.5667,66.0367,38.5935,19.53,46.9732,14.2262,10.2056,9.2691,4.0206,4.9571,72.0667
1981-03-31,1981Q1,70.001,7.4333,87.9333,67.5517,39.1008,20.3816,48.8325,15.1269,10.4589,9.3962,4.668,5.7307,68.2667
1981-06-30,1981Q2,69.905,7.4,89.7667,69.1533,39.6194,20.6134,50.1473,16.2392,10.7716,9.5395,5.4676,6.6997,73.9333
1981-09-30,1981Q3,70.036,7.4,92.2667,70.8217,40.1512,21.445,52.1155,17.38,11.1447,9.7029,6.2353,7.6771,74.8
1981-12-31,1981Q4,69.974,8.2333,93.7667,72.57,40.704,21.1967,53.0627,17.7357,11.5653,9.8857,6.1704,7.85,65.7
1982-03-31,1982Q1,70.947,8.8333,94.6,74.3517,41.2661,20.2483,53.3339,17.4142,12.0097,10.0682,5.4045,7.346,66.5
1982-06-30,1982Q2,70.748,9.4333,95.9667,76.1217,41.8343,19.845,54.1324,16.7662,12.4458,10.2352,4.3204,6.531,66.2333
1982-09-30,1982Q3,70.627,9.9,97.6333,77.9083,42.4133,19.725,55.22,16.2215,12.8437,10.3803,3.3778,5.8412,66.7
1982-12-31,1982Q4,70.885,10.6667,97.9333,79.7367,43.0047,18.1966,54.9286,14.0329,13.2085,10.5073,0.824399999999999,3.5256,72.4667
1983-03-31,1983Q1,71.196,10.3667,98,81.535,43.5983,16.465,54.4017,13.03,13.4633,10.5823,-0.433300000000001,2.4477,75.2667
1983-06-30,1983Q2,71.024,10.1333,99.1333,83.2833,44.1932,15.85,54.9401,12.7631,13.6585,10.6333,-0.8954,2.1298,91.5333
1983-09-30,1983Q3,70.732,9.3667,100.1,85.0167,44.7966,15.0833,55.3034,13.6414,13.8188,10.6768,-0.177399999999999,2.9646,91.2
1983-12-31,1983Q4,70.887,8.5333,101.1,86.7233,45.4071,14.3767,55.6929,13.46,14.0128,10.736,-0.5528,2.724,91.5333
1984-03-31,1984Q1,70.735,7.8667,102.5333,88.4033,46.0255,14.13,56.5078,13.3331,14.1797,10.7895,-0.8466,2.5436,99.5
1984-06-30,1984Q2,70.837,7.4333,103.5,90.07,46.6553,13.43,56.8447,14.0354,14.3259,10.8384,-0.290500000000002,3.197,96.5667
1984-09-30,1984Q3,71.306,7.4333,104.4,91.675,47.2936,12.725,57.1064,14.4938,14.4895,10.8987,0.00430000000000064,3.5951,98.8667
1984-12-31,1984Q4,71.287,7.3,105.3,93.21,47.9399,12.09,57.3601,13.6485,14.6563,10.9653,-1.0078,2.6832,94.9667
1985-03-31,1985Q1,71.572,7.2333,106.2667,94.6733,48.5944,11.5934,57.6723,13.0638,14.7145,11.0141,-1.6507,2.0497,94.4667
1985-06-30,1985Q2,71.623,7.3,107.2333,96.035,49.2567,11.1983,57.9766,12.7854,14.6837,11.0507,-1.8983,1.7347,94.3
1985-09-30,1985Q3,72.23,7.2,107.9,97.3117,49.9274,10.5883,57.9726,12.1408,14.602,11.0811,-2.4612,1.0597,92.8333
1985-12-31,1985Q4,72.906,7.0333,109,98.545,50.6034,10.455,58.3966,11.7308,14.5769,11.0994,-2.8461,0.631400000000001,91.0667
1986-03-31,1986Q1,73.595,7.0333,109.5667,99.7167,51.2879,9.84999999999999,58.2788,10.5838,14.4521,11.1101,-3.8683,-0.526299999999999,95.5333
1986-06-30,1986Q2,74.832,7.1667,109.0333,100.7983,51.9771,8.235,57.0562,10.2462,14.225,11.1013,-3.9788,-0.8551,96.7667
1986-09-30,1986Q3,75.347,6.9667,109.7,101.7617,52.6604,7.9383,57.0396,10.2354,13.9253,11.0873,-3.6899,-0.851900000000001,94.8333
1986-12-31,1986Q4,75.861,6.8333,110.4667,102.6333,53.347,7.8334,57.1197,9.6838,13.5681,11.0735,-3.8843,-1.3897,92.0333
1987-03-31,1987Q1,75.336,6.6,111.8,103.4683,54.0379,8.3317,57.7621,9.1146,13.1655,11.0515,-4.0509,-1.9369,90.4667
1987-06-30,1987Q2,75.083,6.2667,113.0667,104.3283,54.7381,8.7384,58.3286,10.3431,12.7505,11.0212,-2.4074,-0.678100000000001,91.8
1987-09-30,1987Q3,75.114,6,114.2667,105.1833,55.4469,9.0834,58.8198,10.4815,12.4294,11.0108,-1.9479,-0.529299999999999,93.9
1987-12-31,1987Q4,75.404,5.8333,115.3333,106.015,56.1636,9.31829999999999,59.1697,10.8643,12.1424,11.0028,-1.2781,-0.138500000000001,86.4
1988-03-31,1988Q1,76.229,5.7,116.2333,106.885,56.8881,9.3483,59.3452,10.0683,11.9839,11.0007,-1.9156,-0.932399999999999,92.3333
1988-06-30,1988Q2,76.347,5.4667,117.5667,107.7967,57.6172,9.77,59.9495,10.3592,11.8359,10.987,-1.4767,-0.627800000000001,93.5667
1988-09-30,1988Q3,76.411,5.4667,119,108.7183,58.3558,10.2817,60.6442,10.4964,11.7157,10.9779,-1.2193,-0.481500000000001,96.0333
1988-12-31,1988Q4,76.286,5.3333,120.3,109.6633,59.1066,10.6367,61.1934,10.41,11.5584,10.971,-1.1484,-0.561,93
1989-03-31,1989Q1,75.728,5.2,121.6667,110.6233,59.8679,11.0434,61.7988,10.82,11.4059,10.9631,-0.585900000000001,-0.1431,95.8667
1989-06-30,1989Q2,74.905,5.2333,123.6333,111.58,60.6401,12.0533,62.9932,10.6362,11.2803,10.9611,-0.6441,-0.3249,90.9333
1989-09-30,1989Q3,75.044,5.2333,124.6,112.5867,61.4284,12.0133,63.1716,10.0077,11.1103,10.9567,-1.1026,-0.949,92.4667
1989-12-31,1989Q4,75.444,5.3667,125.8667,113.5967,62.2234,12.27,63.6433,9.8138,10.886,10.9438,-1.0722,-1.13,91.7667
1990-03-31,1990Q1,75.689,5.3,128.0333,114.625,63.0276,13.4083,65.0057,10.1315,10.6943,10.9288,-0.562799999999999,-0.7973,91.2667
1990-06-30,1990Q2,76.463,5.3333,129.3,115.7133,63.8496,13.5867,65.4504,10.3238,10.5476,10.9183,-0.223799999999999,-0.5945,90.9333
1990-09-30,1990Q3,76.231,5.7,131.5333,116.8167,64.6806,14.7166,66.8527,10.1031,10.4246,10.9106,-0.3215,-0.807500000000001,79.1333
1990-12-31,1990Q4,75.627,6.1333,133.7667,117.9983,65.5301,15.7684,68.2366,9.9592,10.3227,10.9002,-0.3635,-0.941000000000001,65.1333
1991-03-31,1991Q1,75.667,6.6,134.7667,119.2367,66.3967,15.53,68.37,9.5008,10.2341,10.8883,-0.7333,-1.3875,74.9667
1991-06-30,1991Q2,76.766,6.8333,135.5667,120.4967,67.2711,15.07,68.2956,9.5223,10.18,10.871,-0.6577,-1.3487,80.7333
1991-09-30,1991Q3,77.218,6.8667,136.6,121.8233,68.1522,14.7767,68.4478,9.2731,10.1438,10.8543,-0.870700000000001,-1.5812,82.6333
1991-12-31,1991Q4,77.683,7.1,137.7333,123.1683,69.041,14.565,68.6923,8.69,10.0956,10.835,-1.4056,-2.145,71.8667
1992-03-31,1992Q1,79.284,7.3667,138.6667,124.5317,69.9389,14.135,68.7278,8.6885,10.046,10.8092,-1.3575,-2.1207,70.7667
1992-06-30,1992Q2,79.471,7.6,139.7333,125.875,70.8435,13.8583,68.8898,8.6777,10.0246,10.7839,-1.3469,-2.1062,78.9333
1992-09-30,1992Q3,79.892,7.6333,140.8,127.2083,71.7561,13.5917,69.0439,8.0177,9.9414,10.7592,-1.9237,-2.7415,76.1
1992-12-31,1992Q4,79.703,7.3667,142.0333,128.535,72.6769,13.4983,69.3564,8.1921,9.8182,10.7273,-1.6261,-2.5352,83.2
1993-03-31,1993Q1,78.732,7.1333,143.0667,129.87,73.6074,13.1967,69.4593,7.7233,9.6846,10.6981,-1.9613,-2.9748,87.2667
1993-06-30,1993Q2,78.734,7.0667,144.1,131.2117,74.5456,12.8883,69.5544,7.4531,9.5673,10.6643,-2.1142,-3.2112,82.4667
1993-09-30,1993Q3,78.469,6.8,144.7667,132.5383,75.492,12.2284,69.2747,7.0877,9.422,10.6283,-2.3343,-3.5406,77.4
1993-12-31,1993Q4,78.498,6.6333,145.9667,133.8267,76.4424,12.14,69.5243,7.0464,9.2516,10.5889,-2.2052,-3.5425,84.0333
1994-03-31,1994Q1,77.818,6.5667,146.7,135.11,77.4021,11.59,69.2979,7.2958,9.0834,10.55,-1.7876,-3.2542,93
1994-06-30,1994Q2,78.053,6.2,147.5333,136.3617,78.3668,11.1716,69.1665,8.4277,8.9072,10.5146,-0.4795,-2.0869,92.2
1994-09-30,1994Q3,77.439,6,148.9,137.5567,79.3381,11.3433,69.5619,8.5943,8.7968,10.4922,-0.202499999999999,-1.8979,90.7333
1994-12-31,1994Q4,77.684,5.6333,149.7667,138.7717,80.3202,10.995,69.4465,9.1054,8.7261,10.472,0.379299999999999,-1.3666,93.1333
1995-03-31,1995Q1,77.667,5.4667,150.8667,139.9667,81.3083,10.9,69.5584,8.7854,8.6907,10.4576,0.0946999999999996,-1.6722,94.3333
1995-06-30,1995Q2,77.716,5.6667,152.1,141.1083,82.3048,10.9917,69.7952,7.9177,8.6234,10.4402,-0.7057,-2.5225,91.6667
1995-09-30,1995Q3,77.791,5.6667,152.8667,142.2483,83.3099,10.6184,69.5568,7.6962,8.5031,10.4142,-0.8069,-2.718,93.1667
1995-12-31,1995Q4,78.03,5.5667,153.7,143.315,84.3206,10.385,69.3794,7.3392,8.3827,10.3864,-1.0435,-3.0472,89.8
1996-03-31,1996Q1,78.28,5.5333,155.0667,144.3117,85.3368,10.755,69.7299,7.2723,8.2517,10.3557,-0.979399999999999,-3.0834,90.5
1996-06-30,1996Q2,78.337,5.5,156.4,145.3267,86.362,11.0733,70.038,8.1023,8.1403,10.3248,-0.0380000000000003,-2.2225,91.5
1996-09-30,1996Q3,78.531,5.2667,157.3,146.3683,87.3958,10.9317,69.9042,8.1469,8.0693,10.3028,0.0776000000000003,-2.1559,94.9
1996-12-31,1996Q4,78.373,5.3333,158.6667,147.4033,88.4349,11.2634,70.2318,7.7031,8.013,10.2817,-0.3099,-2.5786,97.5333
1997-03-31,1997Q1,78.82,5.2333,159.6333,148.45,89.4831,11.1833,70.1502,7.7931,7.9636,10.2567,-0.1705,-2.4636,99.0333
1997-06-30,1997Q2,79.346,5,160,149.4983,90.5386,10.5017,69.4614,7.9269,7.9189,10.233,0.00800000000000001,-2.3061,103.0333
1997-09-30,1997Q3,79.782,4.8667,160.8,150.5117,91.5956,10.2883,69.2044,7.47,7.8813,10.211,-0.411300000000001,-2.741,105.8333
1997-12-31,1997Q4,80.832,4.6667,161.6667,151.5117,92.6564,10.155,69.0103,7.2054,7.8539,10.1851,-0.6485,-2.9797,104.9667
1998-03-31,1998Q1,82.069,4.6333,162,152.4933,93.7214,9.5067,68.2786,7.05,7.8046,10.1573,-0.7546,-3.1073,107.8333
1998-06-30,1998Q2,82.867,4.4,162.5333,153.44,94.7864,9.0933,67.7469,7.0977,7.7709,10.1285,-0.6732,-3.0308,106.9333
1998-09-30,1998Q3,83.83,4.5333,163.3667,154.3617,95.8531,9.005,67.5136,6.8723,7.7532,10.1007,-0.8809,-3.2284,103.5
1998-12-31,1998Q4,83.952,4.4333,164.1333,155.2917,96.9228,8.8416,67.2105,6.7643,7.7424,10.0714,-0.9781,-3.3071,100.2
1999-03-31,1999Q1,85.138,4.3,164.7333,156.2,97.9953,8.53330000000003,66.738,6.8775,7.7283,10.0416,-0.8508,-3.1641,105.9
1999-06-30,1999Q2,84.872,4.2667,165.9667,157.1017,99.0692,8.86500000000001,66.8975,7.1815,7.7074,10.0133,-0.5259,-2.8318,106.2333
1999-09-30,1999Q3,84.945,4.2333,167.2,158.0233,100.1486,9.17669999999998,67.0514,7.7862,7.6451,9.9883,0.1411,-2.2021,105.9
1999-12-31,1999Q4,86.02,4.0667,168.4333,158.9383,101.2342,9.495,67.1991,7.8407,7.6047,9.9689,0.236,-2.1282,105.2667
2000-03-31,2000Q1,88.149,4.0333,170.1,159.8717,102.3253,10.2283,67.7747,8.2569,7.5414,9.9504,0.7155,-1.6935,110.1333
2000-06-30,2000Q2,87.696,3.9333,171.4333,160.8333,103.4253,10.6,68.008,8.3162,7.515,9.9358,0.801200000000001,-1.6196,108.7667
2000-09-30,2000Q3,88.576,4,173,161.8,104.5319,11.2,68.4681,8.02,7.5349,9.922,0.485099999999999,-1.902,107.4667
2000-12-31,2000Q4,88.473,3.9,174.2333,162.8067,105.6483,11.4266,68.585,7.6208,7.5511,9.9059,0.0697000000000001,-2.2851,103.9333
2001-03-31,2001Q1,89.583,4.2333,175.9,163.8333,106.7703,12.0667,69.1297,7.0069,7.5652,9.8867,-0.5583,-2.8798,92.2667
2001-06-30,2001Q2,89.313,4.4,177.1333,164.875,107.9033,12.2583,69.23,7.13,7.5519,9.8627,-0.4219,-2.7327,91
2001-09-30,2001Q3,89.158,4.8333,177.6333,165.9117,109.0436,11.7216,68.5897,6.9638,7.5033,9.8603,-0.5395,-2.8965,88.5667
2001-12-31,2001Q4,90.091,5.5,177.5,166.9283,110.1847,10.5717,67.3153,6.7708,7.4442,9.8545,-0.6734,-3.0837,85.1333
2002-03-31,2002Q1,90.172,5.7,178.0667,167.87,111.3222,10.1967,66.7445,6.9715,7.3975,9.848,-0.426,-2.8765,93.1333
2002-06-30,2002Q2,90.267,5.8333,179.4667,168.7917,112.4617,10.675,67.005,6.8131,7.3565,9.8449,-0.543399999999999,-3.0318,94.1
2002-09-30,2002Q3,90.247,5.7333,180.4333,169.765,113.6106,10.6683,66.8227,6.2892,7.3008,9.8404,-1.0116,-3.5512,87.2667
2002-12-31,2002Q4,89.928,5.8667,181.5,170.7467,114.7647,10.7533,66.7353,6.0754,7.2417,9.8311,-1.1663,-3.7557,83.8333
2003-03-31,2003Q1,89.547,5.8667,183.3667,171.7383,115.9242,11.6284,67.4425,5.8408,7.1852,9.8198,-1.3444,-3.979,79.9667
2003-06-30,2003Q2,91.259,6.1333,183.0667,172.8067,117.0936,10.26,65.9731,5.5069,7.1248,9.8064,-1.6179,-4.2995,89.2667
2003-09-30,2003Q3,91.947,6.1333,184.4333,173.8333,118.2531,10.6,66.1802,6.0338,7.0452,9.7886,-1.0114,-3.7548,89.3
2003-12-31,2003Q4,92.89,5.8333,185.1333,174.8867,119.4167,10.2466,65.7166,5.9193,7.0033,9.7684,-1.084,-3.8491,91.9667
2004-03-31,2004Q1,91.907,5.7,186.7,175.9367,120.5767,10.7633,66.1233,5.5975,6.9611,9.7458,-1.3636,-4.1483,98
2004-06-30,2004Q2,92.947,5.6,188.1667,177.035,121.7383,11.1317,66.4284,6.1062,6.8971,9.722,-0.7909,-3.6158,93.3333
2004-09-30,2004Q3,94.071,5.4333,189.3667,178.145,122.9017,11.2217,66.465,5.8943,6.8433,9.6988,-0.949,-3.8045,95.6
2004-12-31,2004Q4,93.425,5.4333,191.4,179.2533,124.0636,12.1467,67.3364,5.7362,6.7487,9.6678,-1.0125,-3.9316,93.8667
2005-03-31,2005Q1,93.528,5.3,192.3667,180.4017,125.2297,11.965,67.137,5.7685,6.6435,9.634,-0.875,-3.8655,94.0667
2005-06-30,2005Q2,93.507,5.1,193.6667,181.515,126.3947,12.1517,67.272,5.7085,6.5191,9.6057,-0.8106,-3.8972,90.2
2005-09-30,2005Q3,93.329,4.9667,196.6,182.6267,127.5653,13.9733,69.0347,5.7638,6.3887,9.5793,-0.6249,-3.8155,87.5
2005-12-31,2005Q4,93.01,4.9667,198.4333,183.8067,128.7514,14.6266,69.6819,6.2262,6.2759,9.5525,-0.0496999999999996,-3.3263,82.4333
2006-03-31,2006Q1,94.268,4.7333,199.4667,185.0167,129.9444,14.45,69.5223,6.2469,6.2061,9.528,0.0408,-3.2811,88.9333
2006-06-30,2006Q2,93.57,4.6333,201.2667,186.195,131.1408,15.0717,70.1259,6.6023,6.1681,9.5061,0.4342,-2.9038,83.8
2006-09-30,2006Q3,92.961,4.6333,203.1667,187.4017,132.3481,15.765,70.8186,6.56,6.1417,9.488,0.418299999999999,-2.928,84.0333
2006-12-31,2006Q4,94.816,4.4333,202.3333,188.6783,133.5636,13.655,68.7697,6.2438,6.1216,9.468,0.1222,-3.2242,92.4667
2007-03-31,2007Q1,96.047,4.5,204.317,189.92,134.7653,14.397,69.5517,6.2146,6.0952,9.4463,0.1194,-3.2317,92.2
2007-06-30,2007Q2,94.915,4.5,206.631,191.2325,135.9746,15.3985,70.6564,6.3585,6.0574,9.4256,0.3011,-3.0671,86.9
2007-09-30,2007Q3,94.735,4.6667,207.939,192.5907,137.1946,15.3483,70.7444,6.5515,6.0346,9.4052,0.5169,-2.8537,85.7333
2007-12-31,2007Q4,94.728,4.8,210.4897,193.966,138.4185,16.5237,72.0712,6.2246,6.0477,9.3854,0.1769,-3.1608,77.5
2008-03-31,2008Q1,94.591,5,212.7697,195.4155,139.6562,17.3542,73.1135,5.8723,6.0552,9.3628,-0.1829,-3.4905,72.9
2008-06-30,2008Q2,93.532,5.3333,215.5377,196.8856,140.904,18.6521,74.6337,6.0869,6.0568,9.3357,0.0301,-3.2488,59.6
2008-09-30,2008Q3,93.071,6,218.861,198.5092,142.1629,20.3518,76.6981,6.3223,6.0858,9.3068,0.2365,-2.9845,64.8333
2008-12-31,2008Q4,96.489,6.8667,213.8487,200.2306,143.437,13.6181,70.4117,5.8414,6.1002,9.2781,-0.2588,-3.4367,57.6667
2009-03-31,2009Q1,94.543,8.2667,212.3777,201.6664,144.6566,10.7113,67.7211,5.06,6.0963,9.2425,-1.0363,-4.1825,58.2667
2009-06-30,2009Q2,96.532,9.3,213.507,202.9502,145.8498,10.5568,67.6572,5.0123,6.0694,9.1979,-1.0571,-4.1856,68.2
2009-09-30,2009Q3,96.48,9.6333,215.344,204.2172,147.034,11.1268,68.31,5.1623,6.0147,9.1499,-0.8524,-3.9876,68.4
2009-12-31,2009Q4,96.171,9.9333,217.03,205.5161,148.2144,11.5139,68.8156,4.9221,5.9781,9.1,-1.056,-4.1779,70.1667
2010-03-31,2010Q1,95.086,9.8333,217.374,206.7976,149.3893,10.5764,67.9847,4.9958,5.9374,9.037,-0.9416,-4.0412,73.8667
2010-06-30,2010Q2,96.265,9.6333,217.2973,208.048,150.5422,9.24930000000001,66.7551,4.9223,5.8988,8.9646,-0.9765,-4.0423,73.9333
2010-09-30,2010Q3,96.557,9.4667,217.9343,209.2295,151.6721,8.70480000000001,66.2622,4.4471,5.8595,8.8855,-1.4124,-4.4384,68.3
2010-12-31,2010Q4,96.098,9.5,219.699,210.2962,152.7946,9.40280000000001,66.9044,4.4362,5.7937,8.8172,-1.3575,-4.381,71.2667
2011-03-31,2011Q1,96.881,9.0333,222.0437,211.3595,153.9124,10.6842,68.1313,4.8469,5.7042,8.7356,-0.8573,-3.8887,73.0667
2011-06-30,2011Q2,94.949,9.0667,224.5683,212.4884,155.03,12.0799,69.5383,4.6508,5.6342,8.6499,-0.9834,-3.9991,71.8667
2011-09-30,2011Q3,95.088,9,226.0327,213.6534,156.1534,12.3793,69.8793,4.2915,5.5366,8.5533,-1.2451,-4.2618,59.6667
2011-12-31,2011Q4,93.257,8.6333,227.0473,214.7967,157.2681,12.2506,69.7792,4.0023,5.4232,8.4443,-1.4209,-4.442,64.8
2012-03-31,2012Q1,94.939,8.2667,228.326,216.0324,158.3787,12.2936,69.9473,3.9223,5.3111,8.3298,-1.3888,-4.4075,75.5
2012-06-30,2012Q2,95.228,8.2,228.808,217.2329,159.4931,11.5751,69.3149,3.7946,5.1965,8.2174,-1.4019,-4.4228,76.3
2012-09-30,2012Q3,94.783,8.0333,229.841,218.3418,160.6001,11.4992,69.2409,3.5538,5.0683,8.1093,-1.5145,-4.5555,74.9667
2012-12-31,2012Q4,96.558,7.8,231.3693,219.4368,161.7019,11.9325,69.6674,3.3592,4.9184,8.0037,-1.5592,-4.6445,79.4
2013-03-31,2013Q1,94.71,7.7333,232.2993,220.4808,162.8138,11.8185,69.4855,3.4969,4.7751,7.9148,-1.2782,-4.4179,76.6667
2013-06-30,2013Q2,95.446,7.5333,232.045,221.4573,163.933,10.5877,68.112,3.6723,4.6564,7.8353,-0.9841,-4.163,81.6667
2013-09-30,2013Q3,94.706,7.2333,233.3,222.2827,165.0406,11.0173,68.2594,4.44,4.5356,7.7596,-0.0955999999999992,-3.3196,81.5667
2013-12-31,2013Q4,95.111,6.9333,234.1627,223.0046,166.1506,11.1581,68.0121,4.2931,4.4415,7.6829,-0.1484,-3.3898,76.9333
2014-03-31,2014Q1,96.315,6.6667,235.621,224.0203,167.2594,11.6007,68.3616,4.3646,4.3641,7.6065,0.000500000000000611,-3.2419,80.9333
2014-06-30,2014Q2,95.265,6.2,236.8723,225.1825,168.3685,11.6898,68.5038,4.2277,4.3293,7.5318,-0.1016,-3.3041,82.8333
2014-09-30,2014Q3,95.524,6.0667,237.4783,226.3508,169.4799,11.1275,67.9984,4.1354,4.2901,7.45,-0.1547,-3.3146,82.9667
2014-12-31,2014Q4,96.795,5.7,236.8883,227.4575,170.5889,9.43079999999998,66.2994,3.9636,4.2388,7.3637,-0.2752,-3.4001,89.7667
2015-03-31,2015Q1,98.538,5.5333,235.355,228.4504,171.6855,6.90459999999999,63.6695,3.7167,4.1908,7.283,-0.4741,-3.5663,95.5
2015-06-30,2015Q2,98.731,5.4333,236.96,229.3494,172.7612,7.61060000000001,64.1988,3.8192,4.1269,7.2051,-0.3077,-3.3859,94.2333
2015-09-30,2015Q3,98.958,5.1,237.855,230.3326,173.8423,7.52239999999998,64.0127,3.9546,4.0717,7.1304,-0.1171,-3.1758,90.7333
2015-12-31,2015Q4,98.762,5.0333,237.837,231.3286,174.9253,6.50839999999999,62.9117,3.8979,4.0471,7.0622,-0.1492,-3.1643,91.3
2016-03-31,2016Q1,98.854,4.9,237.6893,232.2355,175.9989,5.4538,61.6904,3.7385,4.0202,6.9969,-0.2817,-3.2584,91.5667
2016-06-30,2016Q2,98.418,4.9333,239.5903,233.0178,177.0666,6.57250000000002,62.5237,3.5892,3.9648,6.9399,-0.3756,-3.3507,92.4
2016-09-30,2016Q3,98.422,4.9,240.6073,233.7689,178.1546,6.83840000000001,62.4527,3.4462,3.9117,6.8844,-0.4655,-3.4382,90.3333
2016-12-31,2016Q4,98.871,4.7667,242.1347,234.4976,179.2455,7.6371,62.8892,3.8423,3.8694,6.8278,-0.0271000000000003,-2.9855,93.0667
2017-03-31,2017Q1,99.152,4.5667,243.8387,235.252,180.3427,8.58669999999998,63.496,4.1731,3.8614,6.7791,0.3117,-2.606,97.2333
2017-06-30,2017Q2,99.649,4.3667,244.12,236.0276,181.443,8.0924,62.677,3.98,3.8739,6.738,0.1061,-2.758,96.3667
2017-09-30,2017Q3,100.452,4.3333,245.287,236.7932,182.5351,8.49379999999999,62.7519,3.8838,3.8832,6.6849,0.000599999999999934,-2.8011,95.1
2017-12-31,2017Q4,101,4.1667,247.2383,237.5655,183.627,9.67280000000002,63.6113,3.9223,3.8997,6.63,0.0225999999999997,-2.7077,98.3667
2018-03-31,2018Q1,100.754,4.0333,249.3217,238.359,184.7262,10.9627,64.5955,4.2823,3.9279,6.5721,0.3544,-2.2898,98.9333
2018-06-30,2018Q2,100.738,3.9333,250.679,239.2101,185.8352,11.4689,64.8438,4.5446,3.9671,6.5239,0.5775,-1.9793,98.3333
2018-09-30,2018Q3,101.285,3.7667,251.6863,240.1418,186.9445,11.5445,64.7418,4.5669,4.0108,6.4754,0.556100000000001,-1.9085,98.0667
2018-12-31,2018Q4,101.218,3.8333,252.711,241.0611,188.0502,11.6499,64.6608,4.7846,4.0171,6.426,0.7675,-1.6414,98.1333
2019-03-31,2019Q1,103.354,3.8667,253.3857,241.9885,189.1536,11.3972,64.2321,4.3738,4.0417,6.3791,0.3321,-2.0053,94.4667
2019-06-30,2019Q2,102.604,3.6333,255.2473,242.8768,190.2513,12.3705,64.996,4.0108,4.0421,6.3254,-0.0312999999999999,-2.3146,98.4667
2019-09-30,2019Q3,102.299,3.6,256.0893,243.7955,191.3481,12.2938,64.7412,3.6585,4.0313,6.2702,-0.3728,-2.6117,93.8
2019-12-31,2019Q4,103.334,3.6,257.888,244.7261,192.4438,13.1619,65.4442,3.7,4.0074,6.2173,-0.307399999999999,-2.5173,97.2
2020-03-31,2020Q1,105.387,3.8333,258.8177,245.7761,193.544,13.0416,65.2737,3.5215,3.9943,6.1664,-0.4728,-2.6449,96.6333
2020-06-30,2020Q2,112.562,13,256.292,246.9492,194.6339,9.34279999999998,61.6581,3.2392,3.9845,6.1113,-0.7453,-2.8721,74.0667
2020-09-30,2020Q3,109.625,8.8,259.2217,247.9158,195.6921,11.3059,63.5296,2.9523,3.9555,6.0522,-1.0032,-3.0999,75.6667
2020-12-31,2020Q4,111.637,6.7667,261.0917,248.9841,196.7562,12.1076,64.3355,2.7607,3.9054,5.9926,-1.1447,-3.2319,79.8
2021-03-31,2021Q1,110.56,6.2333,263.7423,250.1468,197.8173,13.5955,65.925,2.8758,3.8485,5.9327,-0.9727,-3.0569,80.2333
2021-06-30,2021Q2,110.218,5.9333,268.5503,251.4495,198.8921,17.1008,69.6582,3.0038,3.8054,5.8774,-0.8016,-2.8736,85.5667
2021-09-30,2021Q3,109.915,5.0667,272.8297,252.8975,200.0003,19.9322,72.8294,2.8721,3.7761,5.8231,-0.904,-2.951,74.7667
2021-12-31,2021Q4,109.124,4.1667,278.7713,254.5086,201.1355,24.2627,77.6358,3.0792,3.7474,5.7698,-0.6682,-2.6906,69.9
2022-03-31,2022Q1,107.253,3.8667,284.9057,256.3405,202.3108,28.5652,82.5949,3.8223,3.7093,5.723,0.113,-1.9007,63.1333
2022-06-30,2022Q2,104.876,3.6333,291.6053,258.3938,203.5295,33.2115,88.0758,5.2662,3.6917,5.6825,1.5745,-0.4163,57.8667
2022-09-30,2022Q3,105.358,3.5333,295.453,260.7681,204.7951,34.6849,90.6579,5.6231,3.756,5.654,1.8671,-0.0308999999999999,56.1
2022-12-31,2022Q4,104.401,3.5667,298.5417,263.2764,206.0839,35.2653,92.4578,6.6646,3.843,5.6341,2.8216,1.0305,58.8
2023-03-31,2023Q1,104.274,3.5333,301.2303,265.8415,207.3881,35.3888,93.8422,6.3723,3.9801,5.6214,2.3922,0.7509,64.6
2023-06-30,2023Q2,105.19,3.5333,303.3977,268.437,208.7061,34.9607,94.6916,6.5108,4.0846,5.6101,2.4262,0.9007,62.3
2023-09-30,2023Q3,105.896,3.6333,305.989,271.0729,210.0336,34.9161,95.9554,7.04,4.1829,5.6023,2.8571,1.4377,69.5667
2023-12-31,2023Q4,106.488,3.8,308.195,273.788,211.3771,34.407,96.8179,7.3038,4.3066,5.6019,2.9972,1.7019,64.9333
2024-03-31,2024Q1,107.023,3.8333,311.0033,276.5622,212.729,34.4411,98.2743,6.7485,4.4325,5.604,2.316,1.1445,78.4333
2024-06-30,2024Q2,107.558,3.9667,313.0807,279.4431,214.0982,33.6376,98.9825,6.9954,4.5513,5.5994,2.4441,1.396,71.5
2024-09-30,2024Q3,108.48,4.1667,314.121,282.3348,215.4778,31.7862,98.6432,6.5085,4.7005,5.5875,1.808,0.920999999999999,68.1333
2024-12-31,2024Q4,108.781,4.1333,316.5877,285.2364,216.8546,31.3513,99.7331,6.6323,4.843,5.5701,1.7893,1.0622,72.1
2025-03-31,2025Q1,109.465,4.1333,319.475,288.1713,218.2448,31.3037,101.2302,6.8277,4.9896,5.5495,1.8381,1.2782,64.4667
2025-06-30,2025Q2,109.337,4.2,320.7857,291.2042,219.6499,29.5815,101.1358,6.7885,5.1549,5.5332,1.6336,1.2553,55.0333
2025-09-30,2025Q3,110.158,4.3333,323.235,294.4289,221.0556,28.8061,102.1794,6.5662,5.3324,5.5238,1.2338,1.0424,58.3333
2025-12-31,2025Q4,111.154,4.45,325.547,297.6296,222.4753,27.9174,103.0717,6.2264,5.5131,5.5144,0.7133,0.712,52.5
